NCT03769298	18 Years to 70 Years   	null	Adult	null
NCT03653546	18 Years and older   	null	Adult	null
NCT03641209	up to 96 Hours   	Child	null	null
NCT03601000	60 Years to 85 Years   	null	Adult	null
NCT03498196	18 Years and older   	null	Adult	null
NCT03453255	14 Years to 65 Years   	Child	null	null
NCT03420976	19 Years to 84 Years   	null	Adult	null
NCT03395288	20 Years and older   	null	Adult	null
NCT03361345	18 Years to 65 Years   	null	Adult	null
NCT03354611	35 Years and older   	null	Adult	null
NCT03334175	18 Years to 65 Years   	null	Adult	null
NCT03317327	18 Years and older   	null	Adult	null
NCT03262961	18 Years to 35 Years   	null	Adult	null
NCT03227731	18 Years to 50 Years   	null	Adult	null
NCT02786836	18 Years to 80 Years   	null	Adult	null
NCT01203722	6 Months to 75 Years   	Child	null	null
NCT03837717	up to 2 Days   	Child	null	null
NCT03836508	18 Years to 65 Years   	null	Adult	null
NCT03833596	18 Years to 75 Years   	null	Adult	null
NCT03833531	18 Years to 65 Years   	null	Adult	null
NCT03833453	18 Years to 65 Years   	null	Adult	null
NCT03832712	18 Years to 75 Years   	null	Adult	null
NCT03832530	18 Years to 35 Years   	null	Adult	null
NCT03830190	18 Years and older   	null	Adult	null
NCT03830008	18 Years and older   	null	Adult	null
NCT03829748	18 Years and older   	null	Adult	null
NCT03828721	6 Months to 21 Months   	Child	null	null
NCT03827915		Child	null	null
NCT03825146	20 Years to 60 Years   	null	Adult	null
NCT03823456	20 Years to 84 Years   	null	Adult	null
NCT03818867	18 Years and older   	null	Adult	null
NCT03817489	18 Years and older   	null	Adult	null
NCT03814577	18 Years to 65 Years   	null	Adult	null
NCT03814330	18 Years to 55 Years   	null	Adult	null
NCT03813992	18 Years to 70 Years   	null	Adult	null
NCT03813381	18 Years and older   	null	Adult	null
NCT03813069	3 Years to 65 Years   	Child	null	null
NCT03809286	22 Years to 50 Years   	null	Adult	null
NCT03807986	18 Years to 35 Years   	null	Adult	null
NCT03801772	18 Years and older   	null	Adult	null
NCT03799328	6 Months to 15 Years   	Child	null	null
NCT03798483	16 Years and older   	Child	null	null
NCT03796923	75 Years and older   	null	null	Older Adult
NCT03796793	18 Years and older   	null	Adult	null
NCT03795675	18 Years to 70 Years   	null	Adult	null
NCT03791697	18 Years and older   	null	Adult	null
NCT03790449		Child	null	null
NCT03786432	18 Years and older   	null	Adult	null
NCT03783767	8 Years to 14 Years   	Child	null	null
NCT03783312	18 Years to 65 Years   	null	Adult	null
NCT03783299	18 Months and older   	Child	null	null
NCT03782974	18 Years to 65 Years   	null	Adult	null
NCT03781050		Child	null	null
NCT03778580	65 Years and older   	null	null	Older Adult
NCT03773575	18 Years and older   	null	Adult	null
NCT03771495	18 Years to 60 Years   	null	Adult	null
NCT03771430	18 Years and older   	null	Adult	null
NCT03770962	18 Years to 47 Years   	null	Adult	null
NCT03770507	7 Years to 35 Years   	Child	null	null
NCT03767660		Child	null	null
NCT03761732	18 Years to 65 Years   	null	Adult	null
NCT03753932		Child	null	null
NCT03753243	18 Years and older   	null	Adult	null
NCT03751878		Child	null	null
NCT03749655	40 Years to 75 Years   	null	Adult	null
NCT03748914	up to 15 Minutes   	Child	null	null
NCT03747887	5 Years to 14 Years   	Child	null	null
NCT03745209	18 Years and older   	null	Adult	null
NCT03743480	18 Years and older   	null	Adult	null
NCT03740659	40 Years and older   	null	Adult	null
NCT03740321	18 Years to 75 Years   	null	Adult	null
NCT03739528	40 Years and older   	null	Adult	null
NCT03737227	18 Years to 25 Years   	null	Adult	null
NCT03736382	18 Years to 60 Years   	null	Adult	null
NCT03730454	up to 6 Months   	Child	null	null
NCT03729687	18 Years and older   	null	Adult	null
NCT03729648	18 Years to 64 Years   	null	Adult	null
NCT03729297	18 Years and older   	null	Adult	null
NCT03727321	18 Years to 65 Years   	null	Adult	null
NCT03725215	18 Years and older   	null	Adult	null
NCT03724383	19 Years to 75 Years   	null	Adult	null
NCT03723525	16 Years and older   	Child	null	null
NCT03719235	10 Years to 70 Years   	Child	null	null
NCT03716219	8 Years to 35 Years   	Child	null	null
NCT03714139	25 Years to 70 Years   	null	Adult	null
NCT03711630	18 Years and older   	null	Adult	null
NCT03711370	up to 8 Weeks   	Child	null	null
NCT03709979	up to 24 Months   	Child	null	null
NCT03704415	18 Years to 65 Years   	null	Adult	null
NCT03704064	18 Years and older   	null	Adult	null
NCT03704051	up to 24 Weeks   	Child	null	null
NCT03699059	18 Years and older   	null	Adult	null
NCT03697837	3 Years to 9 Years   	Child	null	null
NCT03695003	30 Years to 60 Years   	null	Adult	null
NCT03690154	18 Years and older   	null	Adult	null
NCT03689348	35 Years to 65 Years   	null	Adult	null
NCT03689049	65 Years and older   	null	null	Older Adult
NCT03687411	21 Years to 75 Years   	null	Adult	null
NCT03685227	18 Years to 45 Years   	null	Adult	null
NCT03682601	20 Years to 70 Years   	null	Adult	null
NCT03680833	18 Years to 80 Years   	null	Adult	null
NCT03679689	19 Years to 27 Years   	null	Adult	null
NCT03678935	18 Years to 75 Years   	null	Adult	null
NCT03675009	18 Years and older   	null	Adult	null
NCT03674996	40 Years to 75 Years   	null	Adult	null
NCT03668873	2 Years to 7 Years   	Child	null	null
NCT03667755	18 Years and older   	null	Adult	null
NCT03667001	18 Years to 80 Years   	null	Adult	null
NCT03663075	40 Years to 60 Years   	null	Adult	null
NCT03658434	18 Years and older   	null	Adult	null
NCT03654508	6 Years to 17 Years   	Child	null	null
NCT03648437	up to 4 Months   	Child	null	null
NCT03648060	18 Years and older   	null	Adult	null
NCT03648047	18 Years and older   	null	Adult	null
NCT03647007	7 Years to 14 Years   	Child	null	null
NCT03646357	18 Years and older   	null	Adult	null
NCT03646240	3 Years to 26 Years   	Child	null	null
NCT03645603	up to 18 Years   	Child	null	null
NCT03645005	21 Years and older   	null	Adult	null
NCT03642769	18 Years and older   	null	Adult	null
NCT03638609	18 Years to 75 Years   	null	Adult	null
NCT03635840	18 Years to 80 Years   	null	Adult	null
NCT03632837	18 Years to 75 Years   	null	Adult	null
NCT03630770	up to 6 Months   	Child	null	null
NCT03630328	21 Years to 65 Years   	null	Adult	null
NCT03628001	18 Years and older   	null	Adult	null
NCT03625544	18 Years to 80 Years   	null	Adult	null
NCT03623880	18 Years and older   	null	Adult	null
NCT03620942	21 Years to 50 Years   	null	Adult	null
NCT03619720	18 Years and older   	null	Adult	null
NCT03618108	18 Years to 80 Years   	null	Adult	null
NCT03618017	21 Years to 84 Years   	null	Adult	null
NCT03615586	18 Years to 85 Years   	null	Adult	null
NCT03602768	60 Years and older   	null	Adult	null
NCT03602677	18 Years and older   	null	Adult	null
NCT03602014	18 Years to 89 Years   	null	Adult	null
NCT03600987	18 Years and older   	null	Adult	null
NCT03598114	18 Years and older   	null	Adult	null
NCT03593889	60 Years and older   	null	Adult	null
NCT03593148	18 Years to 99 Years   	null	Adult	null
NCT03591237	18 Years and older   	null	Adult	null
NCT03585920	18 Years to 70 Years   	null	Adult	null
NCT03585192		Child	null	null
NCT03582046	18 Years and older   	null	Adult	null
NCT03579303	18 Years to 36 Years   	null	Adult	null
NCT03578848	20 Years to 90 Years   	null	Adult	null
NCT03578432	18 Years to 75 Years   	null	Adult	null
NCT03577301	15 Years to 24 Years   	Child	null	null
NCT03577106	50 Years and older   	null	Adult	null
NCT03577054	18 Years to 65 Years   	null	Adult	null
NCT03575026	60 Years and older   	null	Adult	null
NCT03568812	18 Years to 55 Years   	null	Adult	null
NCT03567031	up to 6 Months   	Child	null	null
NCT03567018	18 Years and older   	null	Adult	null
NCT03565354	18 Years and older   	null	Adult	null
NCT03564665	25 Years to 85 Years   	null	Adult	null
NCT03562546	18 Years to 99 Years   	null	Adult	null
NCT03561961	18 Years and older   	null	Adult	null
NCT03561103	18 Years to 100 Years   	null	Adult	null
NCT03559751	22 Years to 65 Years   	null	Adult	null
NCT03559179		Child	null	null
NCT03558763	45 Years and older   	null	Adult	null
NCT03555500	18 Years and older   	null	Adult	null
NCT03553927	18 Years to 60 Years   	null	Adult	null
NCT03553004	18 Years and older   	null	Adult	null
NCT03552523	18 Years and older   	null	Adult	null
NCT03550885	45 Years to 75 Years   	null	Adult	null
NCT03543098	16 Years to 55 Years   	Child	null	null
NCT03542383	45 Years to 78 Years   	null	Adult	null
NCT03541291	18 Years and older   	null	Adult	null
NCT03540732	60 Years and older   	null	Adult	null
NCT03540368	18 Years and older   	null	Adult	null
NCT03540134	30 Years and older   	null	Adult	null
NCT03540069	30 Years to 59 Years   	null	Adult	null
NCT03538730	4 Years to 7 Years   	Child	null	null
NCT03538379	18 Years and older   	null	Adult	null
NCT03537612	10 Years to 21 Years   	Child	null	null
NCT03535675	18 Years to 99 Years   	null	Adult	null
NCT03534362	18 Years to 90 Years   	null	Adult	null
NCT03527927	40 Years to 90 Years   	null	Adult	null
NCT03527849	50 Years to 80 Years   	null	Adult	null
NCT03527121	18 Years and older   	null	Adult	null
NCT03526068	21 Years to 100 Years   	null	Adult	null
NCT03526042	16 Years to 50 Years   	Child	null	null
NCT03524703	18 Years to 80 Years   	null	Adult	null
NCT03523806	10 Years to 18 Years   	Child	null	null
NCT03523299	18 Years and older   	null	Adult	null
NCT03521960	18 Years and older   	null	Adult	null
NCT03519750	20 Years to 40 Years   	null	Adult	null
NCT03519659	18 Years and older   	null	Adult	null
NCT03518216	11 Years to 16 Years   	Child	null	null
NCT03517397	18 Years to 64 Years   	null	Adult	null
NCT03516877	18 Years to 64 Years   	null	Adult	null
NCT03513822	18 Years and older   	null	Adult	null
NCT03512691	40 Years to 70 Years   	null	Adult	null
NCT03510195	18 Years and older   	null	Adult	null
NCT03508921	18 Years and older   	null	Adult	null
NCT03508908	18 Years to 39 Years   	null	Adult	null
NCT03507647	18 Years and older   	null	Adult	null
NCT03503721	50 Years and older   	null	Adult	null
NCT03503162	22 Years and older   	null	Adult	null
NCT03502655	18 Years and older   	null	Adult	null
NCT03502252	2 Years to 4 Years   	Child	null	null
NCT03501316	18 Years to 70 Years   	null	Adult	null
NCT03500419	18 Years and older   	null	Adult	null
NCT03500406	18 Years and older   	null	Adult	null
NCT03500367	18 Years to 50 Years   	null	Adult	null
NCT03496948	35 Years to 80 Years   	null	Adult	null
NCT03495791	18 Years and older   	null	Adult	null
NCT03495752	18 Years and older   	null	Adult	null
NCT03495661	50 Years to 85 Years   	null	Adult	null
NCT03495518	8 Years to 18 Years   	Child	null	null
NCT03495089	40 Years and older   	null	Adult	null
NCT03494816	18 Years and older   	null	Adult	null
NCT03494335	18 Years and older   	null	Adult	null
NCT03494205	18 Years and older   	null	Adult	null
NCT03492476	18 Years and older   	null	Adult	null
NCT03491059	18 Years to 80 Years   	null	Adult	null
NCT03491046	18 Years to 60 Years   	null	Adult	null
NCT03490812	18 Years and older   	null	Adult	null
NCT03490656	18 Years and older   	null	Adult	null
NCT03489395	18 Years to 99 Years   	null	Adult	null
NCT03488511	18 Years and older   	null	Adult	null
NCT03487718	18 Years to 80 Years   	null	Adult	null
NCT03486444	18 Years and older   	null	Adult	null
NCT03486106	18 Years and older   	null	Adult	null
NCT03484533	18 Years and older   	null	Adult	null
NCT03484338	60 Years and older   	null	Adult	null
NCT03484273	18 Years to 60 Years   	null	Adult	null
NCT03483935	18 Years and older   	null	Adult	null
NCT03482908	18 Years to 55 Years   	null	Adult	null
NCT03481023	18 Years to 90 Years   	null	Adult	null
NCT03479697	18 Years and older   	null	Adult	null
NCT03478163	18 Years and older   	null	Adult	null
NCT03478137	35 Years and older   	null	Adult	null
NCT03477500	18 Years to 50 Years   	null	Adult	null
NCT03477045	18 Years to 65 Years   	null	Adult	null
NCT03473899	18 Years to 35 Years   	null	Adult	null
NCT03473665	18 Years and older   	null	Adult	null
NCT03472820	50 Years to 72 Years   	null	Adult	null
NCT03472430	18 Years to 42 Years   	null	Adult	null
NCT03472378	18 Years to 64 Years   	null	Adult	null
NCT03471117	35 Years to 70 Years   	null	Adult	null
NCT03470389	18 Years and older   	null	Adult	null
NCT03469609	up to 12 Months   	Child	null	null
NCT03468621		Child	null	null
NCT03466164	22 Years to 45 Years   	null	Adult	null
NCT03465982	18 Years and older   	null	Adult	null
NCT03464773	6 Months to 18 Years   	Child	null	null
NCT03464266	16 Years to 25 Years   	Child	null	null
NCT03462966	18 Years to 75 Years   	null	Adult	null
NCT03462823	18 Years to 60 Years   	null	Adult	null
NCT03459014	55 Years and older   	null	Adult	null
NCT03457519	15 Years to 60 Years   	Child	null	null
NCT03457506	18 Years and older   	null	Adult	null
NCT03456895	18 Years and older   	null	Adult	null
NCT03456128	65 Years and older   	null	null	Older Adult
NCT03455426	20 Years and older   	null	Adult	null
NCT03454282	18 Years to 75 Years   	null	Adult	null
NCT03454087	18 Years and older   	null	Adult	null
NCT03453190	18 Years and older   	null	Adult	null
NCT03451266	18 Years to 50 Years   	null	Adult	null
NCT03450655	70 Years to 70 Years   	null	null	Older Adult
NCT03450564	15 Years to 49 Years   	Child	null	null
NCT03449693	9 Years to 18 Years   	Child	null	null
NCT03448289	15 Years to 49 Years   	Child	null	null
NCT03447119	3 Years and older   	Child	null	null
NCT03444103	18 Years to 100 Years   	null	Adult	null
NCT03443388	18 Years to 60 Years   	null	Adult	null
NCT03443258	16 Years and older   	Child	null	null
NCT03441867	18 Years to 60 Years   	null	Adult	null
NCT03438708	18 Years and older   	null	Adult	null
NCT03435497	18 Years and older   	null	Adult	null
NCT03435172	18 Years to 65 Years   	null	Adult	null
NCT03434392	18 Years and older   	null	Adult	null
NCT03433222	18 Years and older   	null	Adult	null
NCT03432832	12 Years to 21 Years   	Child	null	null
NCT03432819	18 Years and older   	null	Adult	null
NCT03429010	75 Years and older   	null	null	Older Adult
NCT03428477	18 Years and older   	null	Adult	null
NCT03426436	18 Years and older   	null	Adult	null
NCT03425890	21 Years to 85 Years   	null	Adult	null
NCT03423394	18 Years and older   	null	Adult	null
NCT03423303	50 Years to 63 Years   	null	Adult	null
NCT03422536	18 Years and older   	null	Adult	null
NCT03421262	18 Years to 50 Years   	null	Adult	null
NCT03420404	21 Years to 100 Years   	null	Adult	null
NCT03419715	18 Years to 65 Years   	null	Adult	null
NCT03418870	up to 33 Weeks   	Child	null	null
NCT03418324	18 Years and older   	null	Adult	null
NCT03415880	40 Years to 65 Years   	null	Adult	null
NCT03415841	21 Years to 85 Years   	null	Adult	null
NCT03412149	18 Years to 65 Years   	null	Adult	null
NCT03412084	56 Years and older   	null	Adult	null
NCT03410511	18 Years to 60 Years   	null	Adult	null
NCT03408873	18 Years and older   	null	Adult	null
NCT03408574	18 Years to 75 Years   	null	Adult	null
NCT03406520	21 Years to 90 Years   	null	Adult	null
NCT03405090	40 Years to 90 Years   	null	Adult	null
NCT03404011	18 Years to 70 Years   	null	Adult	null
NCT03401047	18 Years to 30 Years   	null	Adult	null
NCT03399318	2 Years to 11 Years   	Child	null	null
NCT03397030	40 Years and older   	null	Adult	null
NCT03396094	21 Years to 99 Years   	null	Adult	null
NCT03394599	18 Years and older   	null	Adult	null
NCT03392415	18 Years and older   	null	Adult	null
NCT03386227	18 Years to 43 Years   	null	Adult	null
NCT03384706	18 Years and older   	null	Adult	null
NCT03382171	18 Years and older   	null	Adult	null
NCT03382093	18 Years to 65 Years   	null	Adult	null
NCT03381027	37 Weeks to 42 Weeks   	Child	null	null
NCT03380884	60 Years and older   	null	Adult	null
NCT03380013	37 Weeks and older   	Child	null	null
NCT03379818	24 Months to 48 Months   	Child	null	null
NCT03375879	50 Years and older   	null	Adult	null
NCT03375229	18 Years to 65 Years   	null	Adult	null
NCT03372174	18 Years and older   	null	Adult	null
NCT03371836	6 Years to 17 Years   	Child	null	null
NCT03369600	18 Years and older   	null	Adult	null
NCT03367364	18 Years and older   	null	Adult	null
NCT03365518	19 Years and older   	null	Adult	null
NCT03364660	18 Years and older   	null	Adult	null
NCT03364114	30 Years to 79 Years   	null	Adult	null
NCT03362983		Child	null	null
NCT03359863	18 Years to 80 Years   	null	Adult	null
NCT03357042	18 Years to 50 Years   	null	Adult	null
NCT03356652	18 Years and older   	null	Adult	null
NCT03356210	18 Years and older   	null	Adult	null
NCT03356106	18 Years to 50 Years   	null	Adult	null
NCT03355456	18 Years to 85 Years   	null	Adult	null
NCT03354325	up to 2 Years   	Child	null	null
NCT03354286	2 Years to 6 Years   	Child	null	null
NCT03353298	18 Years and older   	null	Adult	null
NCT03352947	18 Years and older   	null	Adult	null
NCT03350737		Child	null	null
NCT03348761	18 Years to 64 Years   	null	Adult	null
NCT03346668	18 Years and older   	null	Adult	null
NCT03342976	60 Years to 85 Years   	null	Adult	null
NCT03341975	14 Years to 19 Years   	Child	null	null
NCT03341520	18 Years and older   	null	Adult	null
NCT03340922	18 Years and older   	null	Adult	null
NCT03337607	18 Years to 80 Years   	null	Adult	null
NCT03337360	18 Years to 50 Years   	null	Adult	null
NCT03336879	18 Years to 65 Years   	null	Adult	null
NCT03335475	15 Years to 25 Years   	Child	null	null
NCT03335358	18 Years and older   	null	Adult	null
NCT03335319	18 Years and older   	null	Adult	null
NCT03335124	18 Years and older   	null	Adult	null
NCT03334643	18 Years to 65 Years   	null	Adult	null
NCT03333460	18 Years to 65 Years   	null	Adult	null
NCT03333174	up to 98 Days   	Child	null	null
NCT03333161	up to 15 Days   	Child	null	null
NCT03326232	18 Years to 45 Years   	null	Adult	null
NCT03324451	20 Years to 70 Years   	null	Adult	null
NCT03323359	18 Years to 75 Years   	null	Adult	null
NCT03322774	18 Years and older   	null	Adult	null
NCT03322072	18 Years to 85 Years   	null	Adult	null
NCT03320057	15 Years and older   	Child	null	null
NCT03318874	18 Years and older   	null	Adult	null
NCT03314792	18 Years to 65 Years   	null	Adult	null
NCT03313492	18 Years to 25 Years   	null	Adult	null
NCT03308851	16 Years and older   	Child	null	null
NCT03306992	18 Years and older   	null	Adult	null
NCT03304626	21 Years to 75 Years   	null	Adult	null
NCT03304301	65 Years and older   	null	null	Older Adult
NCT03302858	18 Years to 75 Years   	null	Adult	null
NCT03302299	18 Years and older   	null	Adult	null
NCT03301311	7 Years to 18 Years   	Child	null	null
NCT03299816	21 Years to 100 Years   	null	Adult	null
NCT03299296	18 Years and older   	null	Adult	null
NCT03297658	up to 18 Years   	Child	null	null
NCT03297346	40 Years to 75 Years   	null	Adult	null
NCT03295708	18 Years to 50 Years   	null	Adult	null
NCT03295422	18 Years and older   	null	Adult	null
NCT03294395	18 Years and older   	null	Adult	null
NCT03291951	18 Years and older   	null	Adult	null
NCT03290833	20 Years and older   	null	Adult	null
NCT03290560	18 Years and older   	null	Adult	null
NCT03289858	55 Years and older   	null	Adult	null
NCT03286374	18 Years to 67 Years   	null	Adult	null
NCT03283943	19 Years to 99 Years   	null	Adult	null
NCT03275571	35 Years and older   	null	Adult	null
NCT03269071	18 Years to 55 Years   	null	Adult	null
NCT03268213	1 Year and older   	Child	null	null
NCT03267420	18 Years and older   	null	Adult	null
NCT03267238	7 Years and older   	Child	null	null
NCT03263780	18 Years and older   	null	Adult	null
NCT03263156	6 Years to 12 Years   	Child	null	null
NCT03256396	18 Years and older   	null	Adult	null
NCT03254589	18 Years and older   	null	Adult	null
NCT03251495	18 Years to 49 Years   	null	Adult	null
NCT03248518	18 Years and older   	null	Adult	null
NCT03243539	18 Years and older   	null	Adult	null
NCT03241511	21 Years and older   	null	Adult	null
NCT03237468	12 Years to 22 Years   	Child	null	null
NCT03229538	up to 12 Months   	Child	null	null
NCT03229486	2 Years to 7 Years   	Child	null	null
NCT03227809	17 Years to 22 Years   	Child	null	null
NCT03227770	18 Years to 75 Years   	null	Adult	null
NCT03212859	70 Years and older   	null	null	Older Adult
NCT03205956	40 Years to 79 Years   	null	Adult	null
NCT03196193	20 Years and older   	null	Adult	null
NCT03193333	18 Years and older   	null	Adult	null
NCT03191071	18 Years and older   	null	Adult	null
NCT03168724	46 Years and older   	null	Adult	null
NCT03167723	18 Years and older   	null	Adult	null
NCT03167307	8 Years to 18 Years   	Child	null	null
NCT03128021	60 Years and older   	null	Adult	null
NCT03116139	18 Years and older   	null	Adult	null
NCT03110744	18 Years and older   	null	Adult	null
NCT03100526	18 Years and older   	null	Adult	null
NCT03044613	18 Years and older   	null	Adult	null
NCT03036345	18 Years to 99 Years   	null	Adult	null
NCT03026816	22 Years and older   	null	Adult	null
NCT03007511	18 Years to 90 Years   	null	Adult	null
NCT02996565	18 Years to 85 Years   	null	Adult	null
NCT02995733	18 Years to 75 Years   	null	Adult	null
NCT02993432		Child	null	null
NCT02990429	18 Years to 65 Years   	null	Adult	null
NCT02978950	18 Years and older   	null	Adult	null
NCT02959697	18 Years and older   	null	Adult	null
NCT02957669	14 Years to 19 Years   	Child	null	null
NCT02957253	18 Years to 85 Years   	null	Adult	null
NCT02940028	18 Years and older   	null	Adult	null
NCT02874443		Child	null	null
NCT02871349	7 Years to 24 Years   	Child	null	null
NCT02852213	5 Years to 18 Years   	Child	null	null
NCT02845336	18 Years to 50 Years   	null	Adult	null
NCT02811627	16 Years and older   	Child	null	null
NCT02808507	up to 99 Years   	Child	null	null
NCT02690259	18 Years and older   	null	Adult	null
NCT02651402	8 Years to 99 Years   	Child	null	null
NCT02624765	16 Years to 50 Years   	Child	null	null
NCT02613650	18 Years and older   	null	Adult	null
NCT02606045	18 Years to 45 Years   	null	Adult	null
NCT02599480	18 Years to 90 Years   	null	Adult	null
NCT02587936	18 Years to 85 Years   	null	Adult	null
NCT02458846	3 Years to 8 Years   	Child	null	null
NCT02428205	3 Years to 8 Years   	Child	null	null
NCT02340650	18 Years to 100 Years   	null	Adult	null
NCT02278198	21 Years and older   	null	Adult	null
NCT02259621	18 Years and older   	null	Adult	null
NCT02046694	up to 30 Years   	Child	null	null
NCT01964859	18 Years to 65 Years   	null	Adult	null
NCT01247090	18 Years and older   	null	Adult	null
NCT01042015	18 Years to 65 Years   	null	Adult	null
NCT00870064	3 Years to 14 Years   	Child	null	null
NCT03799094	18 Years to 75 Years   	null	Adult	null
NCT03607630	18 Years and older   	null	Adult	null
NCT03423342	18 Years and older   	null	Adult	null
NCT03360929	18 Years and older   	null	Adult	null
NCT03292731	18 Years to 45 Years   	null	Adult	null
NCT03275870	18 Years and older   	null	Adult	null
NCT03104426	up to 2 Years   	Child	null	null
NCT03753802	3 Months to 12 Months   	Child	null	null
NCT03630549	10 Years and older   	Child	null	null
NCT03241732	18 Years to 80 Years   	null	Adult	null
NCT03032601	30 Years to 80 Years   	null	Adult	null
NCT03466528	18 Years to 100 Years   	null	Adult	null
NCT03463252	up to 40 Years   	Child	null	null
NCT03829956	18 Years and older   	null	Adult	null
NCT03827616	18 Years to 100 Years   	null	Adult	null
NCT03808207		Child	null	null
NCT03795740	up to 85 Years   	Child	null	null
NCT03787615	18 Years and older   	null	Adult	null
NCT03781596	6 Years to 60 Years   	Child	null	null
NCT03771534	18 Years and older   	null	Adult	null
NCT03770455	18 Years and older   	null	Adult	null
NCT03766503	18 Years and older   	null	Adult	null
NCT03762239	13 Years to 16 Years   	Child	null	null
NCT03761264	3 Years to 11 Years   	Child	null	null
NCT03757572	18 Years to 80 Years   	null	Adult	null
NCT03754322		Child	null	null
NCT03744780	18 Years and older   	null	Adult	null
NCT03737370	18 Years and older   	null	Adult	null
NCT03735537	18 Years and older   	null	Adult	null
NCT03714282	18 Years and older   	null	Adult	null
NCT03704116	19 Years to 55 Years   	null	Adult	null
NCT03702465	18 Years and older   	null	Adult	null
NCT03701113	50 Years to 70 Years   	null	Adult	null
NCT03699397	18 Years and older   	null	Adult	null
NCT03698591	18 Years to 39 Years   	null	Adult	null
NCT03694496	11 Years to 13 Years   	Child	null	null
NCT03692715	18 Years and older   	null	Adult	null
NCT03685461	1 Year and older   	Child	null	null
NCT03680248	18 Years to 65 Years   	null	Adult	null
NCT03678506	18 Years to 75 Years   	null	Adult	null
NCT03675165	18 Years and older   	null	Adult	null
NCT03661385		Child	null	null
NCT03654131	18 Years and older   	null	Adult	null
NCT03644381	6 Years to 20 Years   	Child	null	null
NCT03637413		Child	null	null
NCT03636724	18 Years to 75 Years   	null	Adult	null
NCT03633682	18 Years and older   	null	Adult	null
NCT03632447	18 Years to 89 Years   	null	Adult	null
NCT03631979	22 Weeks to 26 Weeks   	Child	null	null
NCT03631030	21 Years and older   	null	Adult	null
NCT03629145	up to 2 Years   	Child	null	null
NCT03625011	3 Years to 18 Years   	Child	null	null
NCT03607461	45 Years to 64 Years   	null	Adult	null
NCT03603015	18 Years and older   	null	Adult	null
NCT03594474		Child	null	null
NCT03589378	18 Years to 75 Years   	null	Adult	null
NCT03586219	18 Years to 99 Years   	null	Adult	null
NCT03570424	18 Years to 35 Years   	null	Adult	null
NCT03563690	40 Years to 75 Years   	null	Adult	null
NCT03560063	18 Years to 85 Years   	null	Adult	null
NCT03553862	21 Years and older   	null	Adult	null
NCT03550495	18 Years and older   	null	Adult	null
NCT03538860	18 Years and older   	null	Adult	null
NCT03536858	18 Years and older   	null	Adult	null
NCT03526458	18 Years and older   	null	Adult	null
NCT03516396	1 Month to 12 Years   	Child	null	null
NCT03502005	18 Years and older   	null	Adult	null
NCT03494231	18 Years and older   	null	Adult	null
NCT03493126	18 Years and older   	null	Adult	null
NCT03489850	21 Years to 45 Years   	null	Adult	null
NCT03488602	12 Years to 18 Years   	Child	null	null
NCT03483740	40 Years and older   	null	Adult	null
NCT03478501	18 Years to 89 Years   	null	Adult	null
NCT03474978	up to 4 Months   	Child	null	null
NCT03474666	18 Years and older   	null	Adult	null
NCT03474432	18 Years and older   	null	Adult	null
NCT03471637	18 Years and older   	null	Adult	null
NCT03467724	20 Years to 75 Years   	null	Adult	null
NCT03464851	18 Years and older   	null	Adult	null
NCT03462979	6 Years to 18 Years   	Child	null	null
NCT03462459	18 Years and older   	null	Adult	null
NCT03461016	18 Years and older   	null	Adult	null
NCT03461003	10 Years to 22 Years   	Child	null	null
NCT03455985	25 Years to 75 Years   	null	Adult	null
NCT03453398	18 Years to 70 Years   	null	Adult	null
NCT03453359	18 Years and older   	null	Adult	null
NCT03442114	1 Month to 5 Years   	Child	null	null
NCT03440645	18 Years to 70 Years   	null	Adult	null
NCT03431467	18 Years to 65 Years   	null	Adult	null
NCT03429439	18 Years to 65 Years   	null	Adult	null
NCT03422848	20 Years to 75 Years   	null	Adult	null
NCT03418649	18 Years to 65 Years   	null	Adult	null
NCT03413332	18 Years and older   	null	Adult	null
NCT03406767	50 Years to 100 Years   	null	Adult	null
NCT03405493	18 Years to 65 Years   	null	Adult	null
NCT03395301	20 Years to 45 Years   	null	Adult	null
NCT03387618	18 Years and older   	null	Adult	null
NCT03382106	25 Years to 65 Years   	null	Adult	null
NCT03380169	18 Years and older   	null	Adult	null
NCT03377946	18 Years to 60 Years   	null	Adult	null
NCT03377088	18 Years to 110 Years   	null	Adult	null
NCT03373734	18 Years to 55 Years   	null	Adult	null
NCT03372707	18 Years and older   	null	Adult	null
NCT03366805	18 Years and older   	null	Adult	null
NCT03360279	20 Years to 90 Years   	null	Adult	null
NCT03359447	3 Months to 3 Months   	Child	null	null
NCT03354572	18 Years and older   	null	Adult	null
NCT03348605	18 Years and older   	null	Adult	null
NCT03345615	18 Years and older   	null	Adult	null
NCT03340818	18 Years to 55 Years   	null	Adult	null
NCT03340051	18 Years to 65 Years   	null	Adult	null
NCT03337217	18 Years to 90 Years   	null	Adult	null
NCT03331965	18 Years and older   	null	Adult	null
NCT03330509	21 Years to 110 Years   	null	Adult	null
NCT03327844	6 Years to 16 Years   	Child	null	null
NCT03324659	18 Years to 60 Years   	null	Adult	null
NCT03324516	18 Years and older   	null	Adult	null
NCT03324009	25 Years and older   	null	Adult	null
NCT03307070	18 Years to 50 Years   	null	Adult	null
NCT03303053	18 Years and older   	null	Adult	null
NCT03302572	18 Years and older   	null	Adult	null
NCT03301831	18 Years and older   	null	Adult	null
NCT03298997	18 Years to 80 Years   	null	Adult	null
NCT03297151	18 Years to 35 Years   	null	Adult	null
NCT03275896	21 Years to 85 Years   	null	Adult	null
NCT03274518	18 Years to 65 Years   	null	Adult	null
NCT03273699	18 Years to 60 Years   	null	Adult	null
NCT03256461	18 Years and older   	null	Adult	null
NCT03245853	14 Years to 40 Years   	Child	null	null
NCT03239808	18 Years and older   	null	Adult	null
NCT03238768	up to 30 Weeks   	Child	null	null
NCT03235739	18 Years and older   	null	Adult	null
NCT03234569	18 Years to 50 Years   	null	Adult	null
NCT03230890	18 Years and older   	null	Adult	null
NCT03230656	18 Years to 65 Years   	null	Adult	null
NCT03227614		Child	null	null
NCT03196349	18 Years and older   	null	Adult	null
NCT03192020	18 Years to 80 Years   	null	Adult	null
NCT03036592	18 Years to 65 Years   	null	Adult	null
NCT02948023	18 Years to 60 Years   	null	Adult	null
NCT02814123	18 Years and older   	null	Adult	null
NCT02724163	up to 17 Years   	Child	null	null
NCT02479100	18 Years to 85 Years   	null	Adult	null
NCT03799237	18 Years and older   	null	Adult	null
NCT03759795	21 Years to 75 Years   	null	Adult	null
NCT03750409	50 Years to 85 Years   	null	Adult	null
NCT03736031	18 Years to 100 Years   	null	Adult	null
NCT03726437	18 Years to 20 Years   	null	Adult	null
NCT03706014	5 Years and older   	Child	null	null
NCT03695679	18 Years and older   	null	Adult	null
NCT03669432	18 Years to 70 Years   	null	Adult	null
NCT03658941	18 Years to 75 Years   	null	Adult	null
NCT03657212	60 Years to 75 Years   	null	Adult	null
NCT03648086	18 Years to 65 Years   	null	Adult	null
NCT03647449	18 Years to 35 Years   	null	Adult	null
NCT03635775	7 Years to 21 Years   	Child	null	null
NCT02029937	18 Years and older   	null	Adult	null
NCT03593356	18 Years and older   	null	Adult	null
NCT03588806	21 Years to 65 Years   	null	Adult	null
NCT03588572	18 Years to 75 Years   	null	Adult	null
NCT03574376	18 Years and older   	null	Adult	null
NCT03551860	18 Years and older   	null	Adult	null
NCT03532360	6 Years to 18 Years   	Child	null	null
NCT03526484	18 Years and older   	null	Adult	null
NCT03523000	30 Years and older   	null	Adult	null
NCT03522974	30 Years to 65 Years   	null	Adult	null
NCT03522337	2 Years to 6 Years   	Child	null	null
NCT03518255	18 Years and older   	null	Adult	null
NCT03517852	18 Years and older   	null	Adult	null
NCT03511443	5 Years and older   	Child	null	null
NCT03505658	6 Years to 18 Years   	Child	null	null
NCT03500172	18 Years and older   	null	Adult	null
NCT03481296	50 Years to 75 Years   	null	Adult	null
NCT03454308	21 Years to 59 Years   	null	Adult	null
NCT03437876	18 Years to 50 Years   	null	Adult	null
NCT03435588	18 Years and older   	null	Adult	null
NCT03426683	18 Years to 65 Years   	null	Adult	null
NCT03422159	18 Years and older   	null	Adult	null
NCT03420846	18 Years and older   	null	Adult	null
NCT03383731	18 Years to 75 Years   	null	Adult	null
NCT03376685	45 Years to 70 Years   	null	Adult	null
NCT03376100	18 Years and older   	null	Adult	null
NCT03365609	6 Years to 18 Years   	Child	null	null
NCT03360968	18 Years to 80 Years   	null	Adult	null
NCT03343431	18 Years and older   	null	Adult	null
NCT03340103	24 Weeks to 32 Weeks   	Child	null	null
NCT03338374	18 Years and older   	null	Adult	null
NCT03337971	50 Years to 70 Years   	null	Adult	null
NCT03336372	18 Years and older   	null	Adult	null
NCT03326934	18 Years to 65 Years   	null	Adult	null
NCT03306173	18 Years to 65 Years   	null	Adult	null
NCT03287635	18 Years and older   	null	Adult	null
NCT03265574	18 Years and older   	null	Adult	null
NCT01785719	18 Years to 38 Years   	null	Adult	null
NCT03232554	18 Years to 50 Years   	null	Adult	null
NCT01739933	18 Years and older   	null	Adult	null
NCT03085784	18 Years and older   	null	Adult	null
NCT03083366	18 Years to 100 Years   	null	Adult	null
NCT03009539	12 Years to 16 Years   	Child	null	null
NCT02744768	18 Years and older   	null	Adult	null
NCT01447628	16 Years to 75 Years   	Child	null	null
NCT02188121	18 Years to 89 Years   	null	Adult	null
NCT03740243	18 Years and older   	null	Adult	null
NCT03629496	18 Years and older   	null	Adult	null
NCT03622437	18 Years and older   	null	Adult	null
NCT03616639	18 Years and older   	null	Adult	null
NCT03564080		Child	null	null
NCT03544853	18 Years to 64 Years   	null	Adult	null
NCT03543774	18 Years and older   	null	Adult	null
NCT03519568	6 Months to 12 Months   	Child	null	null
NCT03519087	18 Years and older   	null	Adult	null
NCT03440099	65 Years to 75 Years   	null	null	Older Adult
NCT03437811	18 Years to 55 Years   	null	Adult	null
NCT03423095	60 Years to 89 Years   	null	Adult	null
NCT03406039	18 Years to 35 Years   	null	Adult	null
NCT03397277	18 Years to 60 Years   	null	Adult	null
NCT03375580	18 Years to 75 Years   	null	Adult	null
NCT03373240	18 Years to 50 Years   	null	Adult	null
NCT03369145	18 Years to 40 Years   	null	Adult	null
NCT03337581	3 Years to 9 Years   	Child	null	null
NCT03335722	18 Years to 45 Years   	null	Adult	null
NCT03333473	15 Years to 49 Years   	Child	null	null
NCT03331978	18 Years and older   	null	Adult	null
NCT03255707	4 Years to 30 Years   	Child	null	null
NCT03208530	65 Years and older   	null	null	Older Adult
NCT02781064	16 Years and older   	Child	null	null
NCT03664934	18 Years to 63 Years   	null	Adult	null
NCT03584490	18 Years and older   	null	Adult	null
NCT03558828	18 Years to 70 Years   	null	Adult	null
NCT03556371	18 Years and older   	null	Adult	null
NCT03529981	18 Years to 58 Years   	null	Adult	null
NCT03422562	23 Weeks to 29 Weeks   	Child	null	null
NCT03394495	70 Years and older   	null	null	Older Adult
NCT03304444	18 Years to 99 Years   	null	Adult	null
NCT03686748	10 Years to 17 Years   	Child	null	null
NCT02018367	18 Years and older   	null	Adult	null
NCT03538418	65 Years and older   	null	null	Older Adult
NCT03397160	18 Years and older   	null	Adult	null
NCT03388970	18 Years to 65 Years   	null	Adult	null
NCT03376854	18 Years to 80 Years   	null	Adult	null
NCT03234543	18 Years and older   	null	Adult	null
NCT03230942	55 Years to 90 Years   	null	Adult	null
NCT02982772	18 Years and older   	null	Adult	null
NCT02529644	18 Years to 64 Years   	null	Adult	null
NCT03326596	18 Years to 54 Years   	null	Adult	null
NCT03543644	18 Years to 75 Years   	null	Adult	null
NCT03507400	18 Years and older   	null	Adult	null
NCT03286153	12 Years and older   	Child	null	null
